id,date,workout,duration,distance,pace,category,user_id
1,2017-01-01,Rest,0,0.0,0.0,rest,1
2,2017-01-02,Rest,0,0.0,0.0,rest,1
3,2017-01-03,Rest,0,0.0,0.0,rest,1
4,2017-01-04,Rest,0,0.0,0.0,rest,1
5,2017-01-05,Chest,68,0.0,0.0,chest,1
6,2017-01-06,Back,48,0.0,0.0,back,1
7,2017-01-07,Running,24,5.28,4.33,cardio,1
8,2017-01-08,Other,52,0.0,0.0,other,1
9,2017-01-09,Back,44,0.0,0.0,back,1
10,2017-01-10,Running,24,5.46,4.24,cardio,1
11,2017-01-11,Chest,71,0.0,0.0,chest,1
12,2017-01-12,Back,44,0.0,0.0,back,1
13,2017-01-13,Running,24,5.62,4.16,cardio,1
14,2017-01-14,Other,66,0.0,0.0,other,1
15,2017-01-15,Back,45,0.0,0.0,back,1
16,2017-01-16,Running,24,5.66,4.14,cardio,1
17,2017-01-17,Chest,49,0.0,0.0,chest,1
18,2017-01-18,Back,60,0.0,0.0,back,1
19,2017-01-19,Running,24,5.52,4.21,cardio,1
20,2017-01-20,Other,38,0.0,0.0,other,1
21,2017-01-21,Back,39,0.0,0.0,back,1
22,2017-01-22,Running,46,9.63,4.47,cardio,1
23,2017-01-23,Back,50,0.0,0.0,back,1
24,2017-01-24,Chest,60,0.0,0.0,chest,1
25,2017-01-25,Running,47,10.0,4.42,cardio,1
26,2017-01-26,Back,45,0.0,0.0,back,1
27,2017-01-27,Chest,45,0.0,0.0,chest,1
28,2017-01-28,Running,49,10.6,4.37,cardio,1
29,2017-01-29,Back,41,0.0,0.0,back,1
30,2017-01-30,Rest,0,0.0,0.0,rest,1
31,2017-01-31,Chest,47,0.0,0.0,chest,1
32,2017-02-01,Rest,0,0.0,0.0,rest,1
33,2017-02-02,Running,38,8.04,4.44,cardio,1
34,2017-02-03,Back,51,0.0,0.0,back,1
35,2017-02-04,Chest,43,0.0,0.0,chest,1
36,2017-02-05,Running,35,7.64,4.35,cardio,1
37,2017-02-06,Back,40,0.0,0.0,back,1
38,2017-02-07,Chest,67,0.0,0.0,chest,1
39,2017-02-08,Back,43,0.0,0.0,back,1
40,2017-02-09,Rest,0,0.0,0.0,rest,1
41,2017-02-10,Chest,44,0.0,0.0,chest,1
42,2017-02-11,Running,46,9.86,4.4,cardio,1
43,2017-02-12,Back,44,0.0,0.0,back,1
44,2017-02-13,Chest,54,0.0,0.0,chest,1
45,2017-02-14,Running,47,10.1,4.39,cardio,1
46,2017-02-15,Back,52,0.0,0.0,back,1
47,2017-02-16,Chest,45,0.0,0.0,chest,1
48,2017-02-17,Back,49,0.0,0.0,back,1
49,2017-02-18,Rest,0,0.0,0.0,rest,1
50,2017-02-19,Running,26,5.8,4.29,cardio,1
51,2017-02-20,Back,49,0.0,0.0,back,1
52,2017-02-21,Chest,47,0.0,0.0,chest,1
53,2017-02-22,Rest,0,0.0,0.0,rest,1
54,2017-02-23,Back,43,0.0,0.0,back,1
55,2017-02-24,Running,46,9.76,4.43,cardio,1
56,2017-02-25,Rest,0,0.0,0.0,rest,1
57,2017-02-26,Back,39,0.0,0.0,back,1
58,2017-02-27,Chest,38,0.0,0.0,chest,1
59,2017-02-28,Running,47,9.7,4.51,cardio,1
60,2017-03-01,Back,49,0.0,0.0,back,1
61,2017-03-02,Chest,56,0.0,0.0,chest,1
62,2017-03-03,Running,46,9.53,4.5,cardio,1
63,2017-03-04,Back,44,0.0,0.0,back,1
64,2017-03-05,Chest,42,0.0,0.0,chest,1
65,2017-03-06,Running,45,9.84,4.34,cardio,1
66,2017-03-07,Back,43,0.0,0.0,back,1
67,2017-03-08,Chest,46,0.0,0.0,chest,1
68,2017-03-09,Rest,0,0.0,0.0,rest,1
69,2017-03-10,Back,40,0.0,0.0,back,1
70,2017-03-11,Chest,37,0.0,0.0,chest,1
71,2017-03-12,Back,41,0.0,0.0,back,1
72,2017-03-13,Chest,45,0.0,0.0,chest,1
73,2017-03-14,Back,41,0.0,0.0,back,1
74,2017-03-15,Chest,45,0.0,0.0,chest,1
75,2017-03-16,Back,52,0.0,0.0,back,1
76,2017-03-17,Rest,0,0.0,0.0,rest,1
77,2017-03-18,Chest,47,0.0,0.0,chest,1
78,2017-03-19,Back,62,0.0,0.0,back,1
79,2017-03-20,Chest,51,0.0,0.0,chest,1
80,2017-03-21,Rest,0,0.0,0.0,rest,1
81,2017-03-22,Back,43,0.0,0.0,back,1
82,2017-03-23,Chest,42,0.0,0.0,chest,1
83,2017-03-24,Back,38,0.0,0.0,back,1
84,2017-03-25,Chest,37,0.0,0.0,chest,1
85,2017-03-26,Back,51,0.0,0.0,back,1
86,2017-03-27,Chest,36,0.0,0.0,chest,1
87,2017-03-28,Rest,0,0.0,0.0,rest,1
88,2017-03-29,Rest,0,0.0,0.0,rest,1
89,2017-03-30,Cardio,53,0.0,0.0,cardio,1
90,2017-03-31,Chest,45,0.0,0.0,chest,1
91,2017-04-01,Back,45,0.0,0.0,back,1
92,2017-04-02,Running,27,5.33,5.04,cardio,1
93,2017-04-03,Rest,0,0.0,0.0,rest,1
94,2017-04-04,Chest,34,0.0,0.0,chest,1
95,2017-04-05,Back,41,0.0,0.0,back,1
96,2017-04-06,Cardio,63,0.0,0.0,cardio,1
97,2017-04-07,Back,43,0.0,0.0,back,1
98,2017-04-08,Other,40,0.0,0.0,other,1
99,2017-04-09,Chest,38,0.0,0.0,chest,1
100,2017-04-10,Rest,0,0.0,0.0,rest,1
101,2017-04-11,Cycling,72,0.0,0.0,cardio,1
102,2017-04-12,Chest,50,0.0,0.0,chest,1
103,2017-04-13,Back,46,0.0,0.0,back,1
104,2017-04-14,Compound,36,0.0,0.0,compound,1
105,2017-04-15,Cardio,56,0.0,0.0,cardio,1
106,2017-04-16,Rest,0,0.0,0.0,rest,1
107,2017-04-17,Running,41,8.04,5.06,cardio,1
108,2017-04-18,Compound,50,0.0,0.0,compound,1
109,2017-04-19,Back,50,0.0,0.0,back,1
110,2017-04-20,Compound,46,0.0,0.0,compound,1
111,2017-04-21,Chest,38,0.0,0.0,chest,1
112,2017-04-22,Compound,45,0.0,0.0,compound,1
113,2017-04-23,Running,25,5.34,4.41,cardio,1
114,2017-04-24,Rest,0,0.0,0.0,rest,1
115,2017-04-25,Back,49,0.0,0.0,back,1
116,2017-04-26,Chest,37,0.0,0.0,chest,1
117,2017-04-27,Running,36,7.53,4.47,cardio,1
118,2017-04-28,Back,40,0.0,0.0,back,1
119,2017-04-29,Chest,42,0.0,0.0,chest,1
120,2017-04-30,Running,36,7.62,4.43,cardio,1
121,2017-05-01,Chest,41,0.0,0.0,chest,1
122,2017-05-02,Running,36,7.32,4.55,cardio,1
123,2017-05-03,Back,51,0.0,0.0,back,1
124,2017-05-04,Chest,40,0.0,0.0,chest,1
125,2017-05-05,Running,37,7.61,4.52,cardio,1
126,2017-05-06,Back,44,0.0,0.0,back,1
127,2017-05-07,Chest,39,0.0,0.0,chest,1
128,2017-05-08,Back,41,0.0,0.0,back,1
129,2017-05-09,Running,36,7.41,4.51,cardio,1
130,2017-05-10,Legs,48,0.0,0.0,legs,1
131,2017-05-11,Running,30,5.53,5.25,cardio,1
132,2017-05-12,Chest,46,0.0,0.0,chest,1
133,2017-05-13,Back,34,0.0,0.0,back,1
134,2017-05-14,Compound,43,0.0,0.0,compound,1
135,2017-05-15,Chest,39,0.0,0.0,chest,1
136,2017-05-16,Running,32,6.33,4.54,cardio,1
137,2017-05-17,Back,50,0.0,0.0,back,1
138,2017-05-18,Running,39,8.1,4.49,cardio,1
139,2017-05-19,Compound,50,0.0,0.0,compound,1
140,2017-05-20,Legs,50,0.0,0.0,legs,1
141,2017-05-21,Compound,52,0.0,0.0,compound,1
142,2017-05-22,Chest,48,0.0,0.0,chest,1
143,2017-05-23,Running,33,6.82,4.5,cardio,1
144,2017-05-24,Back,43,0.0,0.0,back,1
145,2017-05-25,Running,37,7.72,4.48,cardio,1
146,2017-05-26,Compound,43,0.0,0.0,compound,1
147,2017-05-27,Legs,50,0.0,0.0,legs,1
148,2017-05-28,Compound,44,0.0,0.0,compound,1
149,2017-05-29,Chest,37,0.0,0.0,chest,1
150,2017-05-30,Running,34,6.83,4.59,cardio,1
151,2017-05-31,Back,42,0.0,0.0,back,1
152,2017-06-01,Compound,44,0.0,0.0,compound,1
153,2017-06-02,Chest,39,0.0,0.0,chest,1
154,2017-06-03,Back,33,0.0,0.0,back,1
155,2017-06-04,Legs,37,0.0,0.0,legs,1
156,2017-06-05,Compound,41,0.0,0.0,compound,1
157,2017-06-06,Chest,45,0.0,0.0,chest,1
158,2017-06-07,Back,34,0.0,0.0,back,1
159,2017-06-08,Legs,23,0.0,0.0,legs,1
160,2017-06-09,Compound,34,0.0,0.0,compound,1
161,2017-06-10,Chest,36,0.0,0.0,chest,1
162,2017-06-11,Back,36,0.0,0.0,back,1
163,2017-06-12,Legs,25,0.0,0.0,legs,1
164,2017-06-13,Compound,39,0.0,0.0,compound,1
165,2017-06-14,Rest,0,0.0,0.0,rest,1
166,2017-06-15,Chest,36,0.0,0.0,chest,1
167,2017-06-16,Back,45,0.0,0.0,back,1
168,2017-06-17,Legs,23,0.0,0.0,legs,1
169,2017-06-18,Compound,40,0.0,0.0,compound,1
170,2017-06-19,Back,37,0.0,0.0,back,1
171,2017-06-20,Rest,0,0.0,0.0,rest,1
172,2017-06-21,Rest,0,0.0,0.0,rest,1
173,2017-06-22,Back,39,0.0,0.0,back,1
174,2017-06-23,Chest,39,0.0,0.0,chest,1
175,2017-06-24,Back,44,0.0,0.0,back,1
176,2017-06-25,Compound,45,0.0,0.0,compound,1
177,2017-06-26,Chest,37,0.0,0.0,chest,1
178,2017-06-27,Back,50,0.0,0.0,back,1
179,2017-06-28,Compound,92,0.0,0.0,compound,1
180,2017-06-29,Compound,47,0.0,0.0,compound,1
181,2017-06-30,Chest,51,0.0,0.0,chest,1
182,2017-07-01,Compound,54,0.0,0.0,compound,1
183,2017-07-02,Back,35,0.0,0.0,back,1
184,2017-07-03,Chest,53,0.0,0.0,chest,1
185,2017-07-04,Back,45,0.0,0.0,back,1
186,2017-07-05,Chest,66,0.0,0.0,chest,1
187,2017-07-06,Back,67,0.0,0.0,back,1
188,2017-07-07,Chest,81,0.0,0.0,chest,1
189,2017-07-08,Back,59,0.0,0.0,back,1
190,2017-07-09,Rest,0,0.0,0.0,rest,1
191,2017-07-10,Chest,79,0.0,0.0,chest,1
192,2017-07-11,Back,59,0.0,0.0,back,1
193,2017-07-12,Legs and Core,90,0.0,0.0,legs,1
194,2017-07-13,Chest,72,0.0,0.0,chest,1
195,2017-07-14,Back,58,0.0,0.0,back,1
196,2017-07-15,Compound,52,0.0,0.0,compound,1
197,2017-07-16,Rest,0,0.0,0.0,rest,1
198,2017-07-17,Chest,113,0.0,0.0,chest,1
199,2017-07-18,Back,118,0.0,0.0,back,1
200,2017-07-19,Chest,82,0.0,0.0,chest,1
201,2017-07-20,Back,109,0.0,0.0,back,1
202,2017-07-21,Compound,92,0.0,0.0,compound,1
203,2017-07-22,Compound,35,0.0,0.0,compound,1
204,2017-07-23,Rest,0,0.0,0.0,rest,1
205,2017-07-24,Back,106,0.0,0.0,back,1
206,2017-07-25,Chest,105,0.0,0.0,chest,1
207,2017-07-26,Back,53,0.0,0.0,back,1
208,2017-07-27,Chest,82,0.0,0.0,chest,1
209,2017-07-28,Back,103,0.0,0.0,back,1
210,2017-07-29,Chest,65,0.0,0.0,chest,1
211,2017-07-30,Cycling,116,0.0,0.0,cardio,1
212,2017-07-31,Chest,52,0.0,0.0,chest,1
213,2017-08-01,Back,54,0.0,0.0,back,1
214,2017-08-02,Legs,59,0.0,0.0,legs,1
215,2017-08-03,Compound,87,0.0,0.0,compound,1
216,2017-08-04,Back,59,0.0,0.0,back,1
217,2017-08-05,Chest,55,0.0,0.0,chest,1
218,2017-08-06,Back,55,0.0,0.0,back,1
219,2017-08-07,Chest,52,0.0,0.0,chest,1
220,2017-08-08,Legs,68,0.0,0.0,legs,1
221,2017-08-09,Back,63,0.0,0.0,back,1
222,2017-08-10,Chest,87,0.0,0.0,chest,1
223,2017-08-11,Compound,63,0.0,0.0,compound,1
224,2017-08-12,Back,53,0.0,0.0,back,1
225,2017-08-13,Compound,48,0.0,0.0,compound,1
226,2017-08-14,Legs and Core,48,0.0,0.0,legs,1
227,2017-08-15,Chest,52,0.0,0.0,chest,1
228,2017-08-16,Back,47,0.0,0.0,back,1
229,2017-08-17,Chest,81,0.0,0.0,chest,1
230,2017-08-18,Back,59,0.0,0.0,back,1
231,2017-08-19,Legs,34,0.0,0.0,legs,1
232,2017-08-20,Compound,66,0.0,0.0,compound,1
233,2017-08-21,Compound,56,0.0,0.0,compound,1
234,2017-08-22,Back,51,0.0,0.0,back,1
235,2017-08-23,Legs and Core,52,0.0,0.0,legs,1
236,2017-08-24,Compound,61,0.0,0.0,compound,1
237,2017-08-25,Back,65,0.0,0.0,back,1
238,2017-08-26,Chest,49,0.0,0.0,chest,1
239,2017-08-27,Rest,0,0.0,0.0,rest,1
240,2017-08-28,Legs and Core,49,0.0,0.0,legs,1
241,2017-08-29,Chest,60,0.0,0.0,chest,1
242,2017-08-30,Back,45,0.0,0.0,back,1
243,2017-08-31,Compound,46,0.0,0.0,compound,1
244,2017-09-01,Legs and Core,49,0.0,0.0,legs,1
245,2017-09-02,Chest,51,0.0,0.0,chest,1
246,2017-09-03,Back,44,0.0,0.0,back,1
247,2017-09-04,Legs and Core,46,0.0,0.0,legs,1
248,2017-09-05,Back,55,0.0,0.0,back,1
249,2017-09-06,Chest,50,0.0,0.0,chest,1
250,2017-09-07,Back,46,0.0,0.0,back,1
251,2017-09-08,Legs and Core,49,0.0,0.0,legs,1
252,2017-09-09,Compound,50,0.0,0.0,compound,1
253,2017-09-10,Chest,45,0.0,0.0,chest,1
254,2017-09-11,Back,46,0.0,0.0,back,1
255,2017-09-12,Rest,0,0.0,0.0,rest,1
256,2017-09-13,Legs,42,0.0,0.0,legs,1
257,2017-09-14,Chest,47,0.0,0.0,chest,1
258,2017-09-15,Back,46,0.0,0.0,back,1
259,2017-09-16,Legs,35,0.0,0.0,legs,1
260,2017-09-17,Chest,48,0.0,0.0,chest,1
261,2017-09-18,Back,39,0.0,0.0,back,1
262,2017-09-19,Rest,0,0.0,0.0,rest,1
263,2017-09-20,Rest,0,0.0,0.0,rest,1
264,2017-09-21,Chest,38,0.0,0.0,chest,1
265,2017-09-22,Running,31,5.65,5.29,cardio,1
266,2017-09-23,Back,45,0.0,0.0,back,1
267,2017-09-24,Running,29,5.59,5.11,cardio,1
268,2017-09-25,Legs,40,0.0,0.0,legs,1
269,2017-09-26,Running,32,6.04,5.18,cardio,1
270,2017-09-27,Chest,39,0.0,0.0,chest,1
271,2017-09-28,Running,33,6.29,5.15,cardio,1
272,2017-09-29,Back,41,0.0,0.0,back,1
273,2017-09-30,Running,33,6.48,5.06,cardio,1
274,2017-10-01,Legs,37,0.0,0.0,legs,1
275,2017-10-02,Running,34,6.78,5.01,cardio,1
276,2017-10-03,Chest,40,0.0,0.0,chest,1
277,2017-10-04,Running,36,7.38,4.53,cardio,1
278,2017-10-05,Back,41,0.0,0.0,back,1
279,2017-10-06,Running,31,6.54,4.44,cardio,1
280,2017-10-07,Legs,33,0.0,0.0,legs,1
281,2017-10-08,Running,39,7.84,4.58,cardio,1
282,2017-10-09,Chest,41,0.0,0.0,chest,1
283,2017-10-10,Running,35,7.3,4.48,cardio,1
284,2017-10-11,Back,32,0.0,0.0,back,1
285,2017-10-12,Running,38,7.46,5.06,cardio,1
286,2017-10-13,Legs,35,0.0,0.0,legs,1
287,2017-10-14,Chest,43,0.0,0.0,chest,1
288,2017-10-15,Back,45,0.0,0.0,back,1
289,2017-10-16,Legs,34,0.0,0.0,legs,1
290,2017-10-17,Running,36,7.21,4.6,cardio,1
291,2017-10-18,Compound,37,0.0,0.0,compound,1
292,2017-10-19,Running,35,6.98,5.01,cardio,1
293,2017-10-20,Legs,31,0.0,0.0,legs,1
294,2017-10-21,Running,36,7.62,4.43,cardio,1
295,2017-10-22,Compound,47,0.0,0.0,compound,1
296,2017-10-23,Legs,31,0.0,0.0,legs,1
297,2017-10-24,Running,37,7.52,4.55,cardio,1
298,2017-10-25,Compound,43,0.0,0.0,compound,1
299,2017-10-26,Running,36,7.42,4.51,cardio,1
300,2017-10-27,Legs,36,0.0,0.0,legs,1
301,2017-10-28,Chest,34,0.0,0.0,chest,1
302,2017-10-29,Back,44,0.0,0.0,back,1
303,2017-10-30,Legs,26,0.0,0.0,legs,1
304,2017-10-31,Running,35,7.16,4.53,cardio,1
305,2017-11-01,Compound,38,0.0,0.0,compound,1
306,2017-11-02,Running,35,7.52,4.39,cardio,1
307,2017-11-03,Legs,28,0.0,0.0,legs,1
308,2017-11-04,Chest,40,0.0,0.0,chest,1
309,2017-11-05,Back,39,0.0,0.0,back,1
310,2017-11-06,Rest,0,0.0,0.0,rest,1
311,2017-11-07,Rest,0,0.0,0.0,rest,1
312,2017-11-08,Legs,28,0.0,0.0,legs,1
313,2017-11-09,Running,35,7.05,4.58,cardio,1
314,2017-11-10,Chest,42,0.0,0.0,chest,1
315,2017-11-11,Back,42,0.0,0.0,back,1
316,2017-11-12,Compound,41,0.0,0.0,compound,1
317,2017-11-13,Legs,30,0.0,0.0,legs,1
318,2017-11-14,Running,38,7.39,5.09,cardio,1
319,2017-11-15,Compound,31,0.0,0.0,compound,1
320,2017-11-16,Legs,30,0.0,0.0,legs,1
321,2017-11-17,Running,40,8.04,4.59,cardio,1
322,2017-11-18,Chest,38,0.0,0.0,chest,1
323,2017-11-19,Back,34,0.0,0.0,back,1
324,2017-11-20,Running,43,8.13,5.17,cardio,1
325,2017-11-21,Running,42,8.55,4.55,cardio,1
326,2017-11-22,Compound,45,0.0,0.0,compound,1
327,2017-11-23,Running,42,8.6,4.53,cardio,1
328,2017-11-24,Running,42,8.16,5.09,cardio,1
329,2017-11-25,Legs,28,0.0,0.0,legs,1
330,2017-11-26,Compound,48,0.0,0.0,compound,1
331,2017-11-27,Running,42,8.57,4.54,cardio,1
332,2017-11-28,Running,40,8.17,4.54,cardio,1
333,2017-11-29,Compound,43,0.0,0.0,compound,1
334,2017-11-30,Running,56,10.64,5.16,cardio,1
335,2017-12-01,Running,43,9.04,4.45,cardio,1
336,2017-12-02,Compound,52,0.0,0.0,compound,1
337,2017-12-03,Legs,32,0.0,0.0,legs,1
338,2017-12-04,Running,42,8.27,5.05,cardio,1
339,2017-12-05,Running,44,8.83,4.59,cardio,1
340,2017-12-06,Compound,39,0.0,0.0,compound,1
341,2017-12-07,Running,44,8.68,5.04,cardio,1
342,2017-12-08,Running,43,8.36,5.09,cardio,1
343,2017-12-09,Compound,46,0.0,0.0,compound,1
344,2017-12-10,Compound,47,0.0,0.0,compound,1
345,2017-12-11,Running,44,8.49,5.11,cardio,1
346,2017-12-12,Running,42,8.51,4.56,cardio,1
347,2017-12-13,Compound,43,0.0,0.0,compound,1
348,2017-12-14,Running,55,11.05,4.59,cardio,1
349,2017-12-15,Compound,43,0.0,0.0,compound,1
350,2017-12-16,Compound,46,0.0,0.0,compound,1
351,2017-12-17,Rest,0,0.0,0.0,rest,1
352,2017-12-18,Running,40,8.04,4.59,cardio,1
353,2017-12-19,Running,41,8.21,4.6,cardio,1
354,2017-12-20,Compound,47,0.0,0.0,compound,1
355,2017-12-21,Running,40,8.15,4.54,cardio,1
356,2017-12-22,Running,40,8.23,4.52,cardio,1
357,2017-12-23,Compound,38,0.0,0.0,compound,1
358,2017-12-24,Running,39,8.23,4.44,cardio,1
359,2017-12-25,Rest,0,0.0,0.0,rest,1
360,2017-12-26,Rest,0,0.0,0.0,rest,1
361,2017-12-27,Compound,43,0.0,0.0,compound,1
362,2017-12-28,Rest,0,0.0,0.0,rest,1
363,2017-12-29,Rest,0,0.0,0.0,rest,1
364,2017-12-30,Rest,0,0.0,0.0,rest,1
365,2017-12-31,Rest,0,0.0,0.0,rest,1
366,2018-01-01,Rest,0,0.0,0.0,rest,1
367,2018-01-02,Multisport,41,0.0,0.0,compound,1
368,2018-01-03,Multisport,40,0.0,0.0,compound,1
369,2018-01-04,Multisport,41,0.0,0.0,compound,1
370,2018-01-05,Rest,0,0.0,0.0,rest,1
371,2018-01-06,Rest,0,0.0,0.0,rest,1
372,2018-01-07,Legs,26,0.0,0.0,legs,1
373,2018-01-08,Chest,25,0.0,0.0,chest,1
374,2018-01-09,Back,28,0.0,0.0,back,1
375,2018-01-10,Rest,0,0.0,0.0,rest,1
376,2018-01-11,Legs,23,0.0,0.0,legs,1
377,2018-01-12,Chest,28,0.0,0.0,chest,1
378,2018-01-13,Back,28,0.0,0.0,back,1
379,2018-01-14,Rest,0,0.0,0.0,rest,1
380,2018-01-15,Rest,0,0.0,0.0,rest,1
381,2018-01-16,Rest,0,0.0,0.0,rest,1
382,2018-01-17,Rest,0,0.0,0.0,rest,1
383,2018-01-18,Chest,37,0.0,0.0,chest,1
384,2018-01-19,Back,32,0.0,0.0,back,1
385,2018-01-20,Legs,27,0.0,0.0,legs,1
386,2018-01-21,Chest,31,0.0,0.0,chest,1
387,2018-01-22,Back,27,0.0,0.0,back,1
388,2018-01-23,Legs,26,0.0,0.0,legs,1
389,2018-01-24,Chest,29,0.0,0.0,chest,1
390,2018-01-25,Back,32,0.0,0.0,back,1
391,2018-01-26,Legs,35,0.0,0.0,legs,1
392,2018-01-27,Chest,33,0.0,0.0,chest,1
393,2018-01-28,Back,35,0.0,0.0,back,1
394,2018-01-29,Legs,34,0.0,0.0,legs,1
395,2018-01-30,Rest,0,0.0,0.0,rest,1
396,2018-01-31,Chest,34,0.0,0.0,chest,1
397,2018-02-01,Back,31,0.0,0.0,back,1
398,2018-02-02,Legs,31,0.0,0.0,legs,1
399,2018-02-03,Chest,25,0.0,0.0,chest,1
400,2018-02-04,Back,29,0.0,0.0,back,1
401,2018-02-05,Legs,28,0.0,0.0,legs,1
402,2018-02-06,Rest,0,0.0,0.0,rest,1
403,2018-02-07,Chest,32,0.0,0.0,chest,1
404,2018-02-08,Back,29,0.0,0.0,back,1
405,2018-02-09,Running,31,6.25,4.58,cardio,1
406,2018-02-10,Chest,33,0.0,0.0,chest,1
407,2018-02-11,Back,31,0.0,0.0,back,1
408,2018-02-12,Legs,28,0.0,0.0,legs,1
409,2018-02-13,Chest,31,0.0,0.0,chest,1
410,2018-02-14,Back,30,0.0,0.0,back,1
411,2018-02-15,Rest,0,0.0,0.0,rest,1
412,2018-02-16,Running,33,6.57,5.01,cardio,1
413,2018-02-17,Chest,35,0.0,0.0,chest,1
414,2018-02-18,Back,30,0.0,0.0,back,1
415,2018-02-19,Legs,29,0.0,0.0,legs,1
416,2018-02-20,Running,34,6.86,4.57,cardio,1
417,2018-02-21,Chest,33,0.0,0.0,chest,1
418,2018-02-22,Back,26,0.0,0.0,back,1
419,2018-02-23,Running,33,6.67,4.57,cardio,1
420,2018-02-24,Chest,31,0.0,0.0,chest,1
421,2018-02-25,Back,29,0.0,0.0,back,1
422,2018-02-26,Legs,28,0.0,0.0,legs,1
423,2018-02-27,Rest,0,0.0,0.0,rest,1
424,2018-02-28,Chest,29,0.0,0.0,chest,1
425,2018-03-01,Back,30,0.0,0.0,back,1
426,2018-03-02,Rest,0,0.0,0.0,rest,1
427,2018-03-03,Chest,33,0.0,0.0,chest,1
428,2018-03-04,Back,30,0.0,0.0,back,1
429,2018-03-05,Legs,25,0.0,0.0,legs,1
430,2018-03-06,Rest,0,0.0,0.0,rest,1
431,2018-03-07,Chest,30,0.0,0.0,chest,1
432,2018-03-08,Back,29,0.0,0.0,back,1
433,2018-03-09,Running,33,6.67,4.57,cardio,1
434,2018-03-10,Chest,33,0.0,0.0,chest,1
435,2018-03-11,Back,29,0.0,0.0,back,1
436,2018-03-12,Legs,26,0.0,0.0,legs,1
437,2018-03-13,Running,39,7.82,4.59,cardio,1
438,2018-03-14,Chest,31,0.0,0.0,chest,1
439,2018-03-15,Back,31,0.0,0.0,back,1
440,2018-03-16,Running,41,8.04,5.06,cardio,1
441,2018-03-17,Compound,35,0.0,0.0,compound,1
442,2018-03-18,Legs,26,0.0,0.0,legs,1
443,2018-03-19,Running,39,7.73,5.03,cardio,1
444,2018-03-20,Chest,32,0.0,0.0,chest,1
445,2018-03-21,Back,28,0.0,0.0,back,1
446,2018-03-22,Running,44,8.88,4.57,cardio,1
447,2018-03-23,Chest,31,0.0,0.0,chest,1
448,2018-03-24,Back,36,0.0,0.0,back,1
449,2018-03-25,Legs,26,0.0,0.0,legs,1
450,2018-03-26,Running,43,8.67,4.58,cardio,1
451,2018-03-27,Chest,33,0.0,0.0,chest,1
452,2018-03-28,Back,31,0.0,0.0,back,1
453,2018-03-29,Rest,0,0.0,0.0,rest,1
454,2018-03-30,Multisport,37,0.0,0.0,compound,1
455,2018-03-31,Multisport,51,0.0,0.0,compound,1
456,2018-04-01,Multisport,43,0.0,0.0,compound,1
457,2018-04-02,Rest,0,0.0,0.0,rest,1
458,2018-04-03,Multisport,42,0.0,0.0,compound,1
459,2018-04-04,Compound,40,0.0,0.0,compound,1
460,2018-04-05,Rest,0,0.0,0.0,rest,1
461,2018-04-06,Multisport,44,0.0,0.0,compound,1
462,2018-04-07,Multisport,45,0.0,0.0,compound,1
463,2018-04-08,Multisport,47,0.0,0.0,compound,1
464,2018-04-09,Multisport,42,0.0,0.0,compound,1
465,2018-04-10,Rest,0,0.0,0.0,rest,1
466,2018-04-11,Chest,30,0.0,0.0,chest,1
467,2018-04-12,Back,27,0.0,0.0,back,1
468,2018-04-13,Legs,26,0.0,0.0,legs,1
469,2018-04-14,Chest,30,0.0,0.0,chest,1
470,2018-04-15,Back,27,0.0,0.0,back,1
471,2018-04-16,Running,38,7.63,4.59,cardio,1
472,2018-04-17,Chest,28,0.0,0.0,chest,1
473,2018-04-18,Back,52,0.0,0.0,back,1
474,2018-04-19,Legs,25,0.0,0.0,legs,1
475,2018-04-20,Rest,0,0.0,0.0,rest,1
476,2018-04-21,Chest,45,0.0,0.0,chest,1
477,2018-04-22,Back,47,0.0,0.0,back,1
478,2018-04-23,Legs,23,0.0,0.0,legs,1
479,2018-04-24,Chest,29,0.0,0.0,chest,1
480,2018-04-25,Back,50,0.0,0.0,back,1
481,2018-04-26,Chest,50,0.0,0.0,chest,1
482,2018-04-27,Back,28,0.0,0.0,back,1
483,2018-04-28,Chest,28,0.0,0.0,chest,1
484,2018-04-29,Legs,24,0.0,0.0,legs,1
485,2018-04-30,Rest,0,0.0,0.0,rest,1
486,2018-05-01,Back,46,0.0,0.0,back,1
487,2018-05-02,Chest,25,0.0,0.0,chest,1
488,2018-05-03,Back,48,0.0,0.0,back,1
489,2018-05-04,Chest,45,0.0,0.0,chest,1
490,2018-05-05,Back,53,0.0,0.0,back,1
491,2018-05-06,Legs,24,0.0,0.0,legs,1
492,2018-05-07,Chest,50,0.0,0.0,chest,1
493,2018-05-08,Back,53,0.0,0.0,back,1
494,2018-05-09,Running,40,8.32,4.48,cardio,1
495,2018-05-10,Chest,31,0.0,0.0,chest,1
496,2018-05-11,Rest,0,0.0,0.0,rest,1
497,2018-05-12,Back,52,0.0,0.0,back,1
498,2018-05-13,Legs,26,0.0,0.0,legs,1
499,2018-05-14,Chest,53,0.0,0.0,chest,1
500,2018-05-15,Back,47,0.0,0.0,back,1
501,2018-05-16,Chest,31,0.0,0.0,chest,1
502,2018-05-17,Back,49,0.0,0.0,back,1
503,2018-05-18,Legs,23,0.0,0.0,legs,1
504,2018-05-19,Chest,52,0.0,0.0,chest,1
505,2018-05-20,Back,50,0.0,0.0,back,1
506,2018-05-21,Chest,26,0.0,0.0,chest,1
507,2018-05-22,Back,52,0.0,0.0,back,1
508,2018-05-23,Legs,23,0.0,0.0,legs,1
509,2018-05-24,Chest,51,0.0,0.0,chest,1
510,2018-05-25,Back,50,0.0,0.0,back,1
511,2018-05-26,Chest,29,0.0,0.0,chest,1
512,2018-05-27,Rest,0,0.0,0.0,rest,1
513,2018-05-28,Legs,40,0.0,0.0,legs,1
514,2018-05-29,Back,45,0.0,0.0,back,1
515,2018-05-30,Chest,49,0.0,0.0,chest,1
516,2018-05-31,Legs,40,0.0,0.0,legs,1
517,2018-06-01,Back,47,0.0,0.0,back,1
518,2018-06-02,Chest,51,0.0,0.0,chest,1
519,2018-06-03,Rest,0,0.0,0.0,rest,1
520,2018-06-04,Compound,41,0.0,0.0,compound,1
521,2018-06-05,Rest,0,0.0,0.0,rest,1
522,2018-06-06,Compound,47,0.0,0.0,compound,1
523,2018-06-07,Compound,46,0.0,0.0,compound,1
524,2018-06-08,Back,45,0.0,0.0,back,1
525,2018-06-09,Rest,0,0.0,0.0,rest,1
526,2018-06-10,Chest,48,0.0,0.0,chest,1
527,2018-06-11,Rest,0,0.0,0.0,rest,1
528,2018-06-12,Rest,0,0.0,0.0,rest,1
529,2018-06-13,Back,49,0.0,0.0,back,1
530,2018-06-14,Chest,48,0.0,0.0,chest,1
531,2018-06-15,Back,49,0.0,0.0,back,1
532,2018-06-16,Chest,51,0.0,0.0,chest,1
533,2018-06-17,Back,47,0.0,0.0,back,1
534,2018-06-18,Chest,48,0.0,0.0,chest,1
535,2018-06-19,Back,47,0.0,0.0,back,1
536,2018-06-20,Chest,47,0.0,0.0,chest,1
537,2018-06-21,Back,46,0.0,0.0,back,1
538,2018-06-22,Rest,0,0.0,0.0,rest,1
539,2018-06-23,Rest,0,0.0,0.0,rest,1
540,2018-06-24,Rest,0,0.0,0.0,rest,1
541,2018-06-25,Compound,34,0.0,0.0,compound,1
542,2018-06-26,Compound,33,0.0,0.0,compound,1
543,2018-06-27,Compound,40,0.0,0.0,compound,1
544,2018-06-28,Compound,45,0.0,0.0,compound,1
545,2018-06-29,Compound,37,0.0,0.0,compound,1
546,2018-06-30,Compound,34,0.0,0.0,compound,1
547,2018-07-01,Rest,0,0.0,0.0,rest,1
548,2018-07-02,Chest,37,0.0,0.0,chest,1
549,2018-07-03,Back,33,0.0,0.0,back,1
550,2018-07-04,Chest,33,0.0,0.0,chest,1
551,2018-07-05,Back,34,0.0,0.0,back,1
552,2018-07-06,Rest,0,0.0,0.0,rest,1
553,2018-07-07,Rest,0,0.0,0.0,rest,1
554,2018-07-08,Rest,0,0.0,0.0,rest,1
555,2018-07-09,Chest,38,0.0,0.0,chest,1
556,2018-07-10,Back,35,0.0,0.0,back,1
557,2018-07-11,Legs,22,0.0,0.0,legs,1
558,2018-07-12,Chest,35,0.0,0.0,chest,1
559,2018-07-13,Back,33,0.0,0.0,back,1
560,2018-07-14,Chest,37,0.0,0.0,chest,1
561,2018-07-15,Back,37,0.0,0.0,back,1
562,2018-07-16,Legs,29,0.0,0.0,legs,1
563,2018-07-17,Chest,34,0.0,0.0,chest,1
564,2018-07-18,Running,41,8.11,5.03,cardio,1
565,2018-07-19,Back,37,0.0,0.0,back,1
566,2018-07-20,Legs,28,0.0,0.0,legs,1
567,2018-07-21,Running,40,8.13,4.55,cardio,1
568,2018-07-22,Compound,40,0.0,0.0,compound,1
569,2018-07-23,Chest,36,0.0,0.0,chest,1
570,2018-07-24,Running,41,8.23,4.59,cardio,1
571,2018-07-25,Back,34,0.0,0.0,back,1
572,2018-07-26,Running,42,8.58,4.54,cardio,1
573,2018-07-27,Legs,31,0.0,0.0,legs,1
574,2018-07-28,Compound,40,0.0,0.0,compound,1
575,2018-07-29,Chest,38,0.0,0.0,chest,1
576,2018-07-30,Running,40,8.62,4.38,cardio,1
577,2018-07-31,Back,37,0.0,0.0,back,1
578,2018-08-01,Running,38,8.14,4.4,cardio,1
579,2018-08-02,Compound,26,0.0,0.0,compound,1
580,2018-08-03,Rest,0,0.0,0.0,rest,1
581,2018-08-04,Rest,0,0.0,0.0,rest,1
582,2018-08-05,Chest,36,0.0,0.0,chest,1
583,2018-08-06,Rest,0,0.0,0.0,rest,1
584,2018-08-07,Back,36,0.0,0.0,back,1
585,2018-08-08,Legs,29,0.0,0.0,legs,1
586,2018-08-09,Chest,35,0.0,0.0,chest,1
587,2018-08-10,Back,38,0.0,0.0,back,1
588,2018-08-11,Legs,26,0.0,0.0,legs,1
589,2018-08-12,Chest,36,0.0,0.0,chest,1
590,2018-08-13,Back,35,0.0,0.0,back,1
591,2018-08-14,Legs,24,0.0,0.0,legs,1
592,2018-08-15,Chest,36,0.0,0.0,chest,1
593,2018-08-16,Back,35,0.0,0.0,back,1
594,2018-08-17,Legs,28,0.0,0.0,legs,1
595,2018-08-18,Compound,35,0.0,0.0,compound,1
596,2018-08-19,Running,52,10.56,4.55,cardio,1
597,2018-08-20,Compound,36,0.0,0.0,compound,1
598,2018-08-21,Rest,0,0.0,0.0,rest,1
599,2018-08-22,Legs,27,0.0,0.0,legs,1
600,2018-08-23,Chest,36,0.0,0.0,chest,1
601,2018-08-24,Running,78,15.38,5.04,cardio,1
602,2018-08-25,Back,39,0.0,0.0,back,1
603,2018-08-26,Compound,30,0.0,0.0,compound,1
604,2018-08-27,Running,78,15.47,5.03,cardio,1
605,2018-08-28,Chest,35,0.0,0.0,chest,1
606,2018-08-29,Back,37,0.0,0.0,back,1
607,2018-08-30,Chest,33,0.0,0.0,chest,1
608,2018-08-31,Back,37,0.0,0.0,back,1
609,2018-09-01,Chest,34,0.0,0.0,chest,1
610,2018-09-02,Back,37,0.0,0.0,back,1
611,2018-09-03,Rest,0,0.0,0.0,rest,1
612,2018-09-04,Chest,35,0.0,0.0,chest,1
613,2018-09-05,Back,37,0.0,0.0,back,1
614,2018-09-06,Rest,0,0.0,0.0,rest,1
615,2018-09-07,Chest,37,0.0,0.0,chest,1
616,2018-09-08,Back,37,0.0,0.0,back,1
617,2018-09-09,Legs,30,0.0,0.0,legs,1
618,2018-09-10,Chest,38,0.0,0.0,chest,1
619,2018-09-11,Back,36,0.0,0.0,back,1
620,2018-09-12,Chest,38,0.0,0.0,chest,1
621,2018-09-13,Back,37,0.0,0.0,back,1
622,2018-09-14,Rest,0,0.0,0.0,rest,1
623,2018-09-15,Chest,36,0.0,0.0,chest,1
624,2018-09-16,Back,38,0.0,0.0,back,1
625,2018-09-17,Legs,25,0.0,0.0,legs,1
626,2018-09-18,Chest,35,0.0,0.0,chest,1
627,2018-09-19,Back,34,0.0,0.0,back,1
628,2018-09-20,Legs,28,0.0,0.0,legs,1
629,2018-09-21,Chest,37,0.0,0.0,chest,1
630,2018-09-22,Back,37,0.0,0.0,back,1
631,2018-09-23,Legs,28,0.0,0.0,legs,1
632,2018-09-24,Chest,33,0.0,0.0,chest,1
633,2018-09-25,Back,35,0.0,0.0,back,1
634,2018-09-26,Legs,23,0.0,0.0,legs,1
635,2018-09-27,Chest,35,0.0,0.0,chest,1
636,2018-09-28,Back,36,0.0,0.0,back,1
637,2018-09-29,Legs,27,0.0,0.0,legs,1
638,2018-09-30,Chest,35,0.0,0.0,chest,1
639,2018-10-01,Back,37,0.0,0.0,back,1
640,2018-10-02,Rest,0,0.0,0.0,rest,1
641,2018-10-03,Chest,33,0.0,0.0,chest,1
642,2018-10-04,Back,36,0.0,0.0,back,1
643,2018-10-05,Running,36,6.32,5.42,cardio,1
644,2018-10-06,Chest,35,0.0,0.0,chest,1
645,2018-10-07,Back,21,0.0,0.0,back,1
646,2018-10-08,Chest,36,0.0,0.0,chest,1
647,2018-10-09,Running,42,7.53,5.35,cardio,1
648,2018-10-10,Bouldering,35,0.0,0.0,other,1
649,2018-10-11,Back,37,0.0,0.0,back,1
650,2018-10-12,Running,45,8.84,5.05,cardio,1
651,2018-10-13,Bouldering,33,0.0,0.0,other,1
652,2018-10-14,Legs,23,0.0,0.0,legs,1
653,2018-10-15,Chest,39,0.0,0.0,chest,1
654,2018-10-16,Running,46,8.62,5.2,cardio,1
655,2018-10-17,Bouldering,35,0.0,0.0,other,1
656,2018-10-18,Back,38,0.0,0.0,back,1
657,2018-10-19,Running,45,8.84,5.05,cardio,1
658,2018-10-20,Bouldering,35,0.0,0.0,other,1
659,2018-10-21,Legs,25,0.0,0.0,legs,1
660,2018-10-22,Chest,38,0.0,0.0,chest,1
661,2018-10-23,Running,44,8.76,5.01,cardio,1
662,2018-10-24,Bouldering,35,0.0,0.0,other,1
663,2018-10-25,Back,34,0.0,0.0,back,1
664,2018-10-26,Running,42,8.31,5.03,cardio,1
665,2018-10-27,Bouldering,35,0.0,0.0,other,1
666,2018-10-28,Legs,29,0.0,0.0,legs,1
667,2018-10-29,Chest,39,0.0,0.0,chest,1
668,2018-10-30,Running,43,8.88,4.51,cardio,1
669,2018-10-31,Back,37,0.0,0.0,back,1
670,2018-11-01,Running,40,8.54,4.41,cardio,1
671,2018-11-02,Compound,40,0.0,0.0,compound,1
672,2018-11-03,Bouldering,35,0.0,0.0,other,1
673,2018-11-04,Bouldering,36,0.0,0.0,other,1
674,2018-11-05,Chest,41,0.0,0.0,chest,1
675,2018-11-06,Running,45,9.2,4.53,cardio,1
676,2018-11-07,Back,39,0.0,0.0,back,1
677,2018-11-08,Compound,39,0.0,0.0,compound,1
678,2018-11-09,Rest,0,0.0,0.0,rest,1
679,2018-11-10,Bouldering,40,0.0,0.0,other,1
680,2018-11-11,Bouldering,38,0.0,0.0,other,1
681,2018-11-12,Chest,38,0.0,0.0,chest,1
682,2018-11-13,Running,46,9.81,4.41,cardio,1
683,2018-11-14,Back,36,0.0,0.0,back,1
684,2018-11-15,Compound,48,0.0,0.0,compound,1
685,2018-11-16,Rest,0,0.0,0.0,rest,1
686,2018-11-17,Bouldering,35,0.0,0.0,other,1
687,2018-11-18,Bouldering,40,0.0,0.0,other,1
688,2018-11-19,Chest,40,0.0,0.0,chest,1
689,2018-11-20,Running,46,9.72,4.44,cardio,1
690,2018-11-21,Back,42,0.0,0.0,back,1
691,2018-11-22,Bouldering,44,0.0,0.0,other,1
692,2018-11-23,Compound,48,0.0,0.0,compound,1
693,2018-11-24,Compound,48,0.0,0.0,compound,1
694,2018-11-25,Bouldering,35,0.0,0.0,other,1
695,2018-11-26,Rest,0,0.0,0.0,rest,1
696,2018-11-27,Chest,40,0.0,0.0,chest,1
697,2018-11-28,Back,47,0.0,0.0,back,1
698,2018-11-29,Rest,0,0.0,0.0,rest,1
699,2018-11-30,Compound,52,0.0,0.0,compound,1
700,2018-12-01,Running,61,12.2,5.0,cardio,1
701,2018-12-02,Bouldering,43,0.0,0.0,other,1
702,2018-12-03,Chest,45,0.0,0.0,chest,1
703,2018-12-04,Back,43,0.0,0.0,back,1
704,2018-12-05,Bouldering,43,0.0,0.0,other,1
705,2018-12-06,Chest,46,0.0,0.0,chest,1
706,2018-12-07,Back,45,0.0,0.0,back,1
707,2018-12-08,Compound,56,0.0,0.0,compound,1
708,2018-12-09,Chest,47,0.0,0.0,chest,1
709,2018-12-10,Back,45,0.0,0.0,back,1
710,2018-12-11,Compound,49,0.0,0.0,compound,1
711,2018-12-12,Chest,48,0.0,0.0,chest,1
712,2018-12-13,Back,46,0.0,0.0,back,1
713,2018-12-14,Compound,51,0.0,0.0,compound,1
714,2018-12-15,Rest,0,0.0,0.0,rest,1
715,2018-12-16,Rest,0,0.0,0.0,rest,1
716,2018-12-17,Multisport,58,0.0,0.0,compound,1
717,2018-12-18,Multisport,56,0.0,0.0,compound,1
718,2018-12-19,Chest,49,0.0,0.0,chest,1
719,2018-12-20,Back,52,0.0,0.0,back,1
720,2018-12-21,Multisport,59,0.0,0.0,compound,1
721,2018-12-22,Chest,47,0.0,0.0,chest,1
722,2018-12-23,Back,50,0.0,0.0,back,1
723,2018-12-24,Multisport,45,0.0,0.0,compound,1
724,2018-12-25,Rest,0,0.0,0.0,rest,1
725,2018-12-26,Multisport,59,0.0,0.0,compound,1
726,2018-12-27,Chest,39,0.0,0.0,chest,1
727,2018-12-28,Back,53,0.0,0.0,back,1
728,2018-12-29,Multisport,53,0.0,0.0,compound,1
729,2018-12-30,Back,45,0.0,0.0,back,1
730,2018-12-31,Chest,49,0.0,0.0,chest,1
731,2019-01-01,Rest,0,0.0,0.0,rest,1
732,2019-01-02,Multisport,39,0.0,0.0,compound,1
733,2019-01-03,Chest,49,0.0,0.0,chest,1
734,2019-01-04,Back,48,0.0,0.0,back,1
735,2019-01-05,Multisport,50,0.0,0.0,compound,1
736,2019-01-06,Multisport,45,0.0,0.0,compound,1
737,2019-01-07,Rest,0,0.0,0.0,rest,1
738,2019-01-08,Multisport,46,0.0,0.0,compound,1
739,2019-01-09,Rest,0,0.0,0.0,rest,1
740,2019-01-10,Multisport,47,0.0,0.0,compound,1
741,2019-01-11,Rest,0,0.0,0.0,rest,1
742,2019-01-12,Multisport,45,0.0,0.0,compound,1
743,2019-01-13,Multisport,49,0.0,0.0,compound,1
744,2019-01-14,Multisport,48,0.0,0.0,compound,1
745,2019-01-15,Rest,0,0.0,0.0,rest,1
746,2019-01-16,Back,45,0.0,0.0,back,1
747,2019-01-17,Chest,45,0.0,0.0,chest,1
748,2019-01-18,Compound,45,0.0,0.0,compound,1
749,2019-01-19,Back,39,0.0,0.0,back,1
750,2019-01-20,Chest,47,0.0,0.0,chest,1
751,2019-01-21,Compound,50,0.0,0.0,compound,1
752,2019-01-22,Back,47,0.0,0.0,back,1
753,2019-01-23,Chest,48,0.0,0.0,chest,1
754,2019-01-24,Compound,45,0.0,0.0,compound,1
755,2019-01-25,Rest,0,0.0,0.0,rest,1
756,2019-01-26,Compound,40,0.0,0.0,compound,1
757,2019-01-27,Rest,0,0.0,0.0,rest,1
758,2019-01-28,Chest,45,0.0,0.0,chest,1
759,2019-01-29,Back,50,0.0,0.0,back,1
760,2019-01-30,Legs,25,0.0,0.0,legs,1
761,2019-01-31,Compound,44,0.0,0.0,compound,1
762,2019-02-01,Rest,0,0.0,0.0,rest,1
763,2019-02-02,Chest,54,0.0,0.0,chest,1
764,2019-02-03,Back,46,0.0,0.0,back,1
765,2019-02-04,Legs,30,0.0,0.0,legs,1
766,2019-02-05,Compound,45,0.0,0.0,compound,1
767,2019-02-06,Chest,46,0.0,0.0,chest,1
768,2019-02-07,Back,47,0.0,0.0,back,1
769,2019-02-08,Legs,27,0.0,0.0,legs,1
770,2019-02-09,Compound,45,0.0,0.0,compound,1
771,2019-02-10,Chest,48,0.0,0.0,chest,1
772,2019-02-11,Back,48,0.0,0.0,back,1
773,2019-02-12,Legs,33,0.0,0.0,legs,1
774,2019-02-13,Compound,45,0.0,0.0,compound,1
775,2019-02-14,Rest,0,0.0,0.0,rest,1
776,2019-02-15,Compound,45,0.0,0.0,compound,1
777,2019-02-16,Rest,0,0.0,0.0,rest,1
778,2019-02-17,Chest,45,0.0,0.0,chest,1
779,2019-02-18,Back,50,0.0,0.0,back,1
780,2019-02-19,Legs,28,0.0,0.0,legs,1
781,2019-02-20,Compound,47,0.0,0.0,compound,1
782,2019-02-21,Chest,47,0.0,0.0,chest,1
783,2019-02-22,Back,46,0.0,0.0,back,1
784,2019-02-23,Legs,26,0.0,0.0,legs,1
785,2019-02-24,Compound,47,0.0,0.0,compound,1
786,2019-02-25,Chest,41,0.0,0.0,chest,1
787,2019-02-26,Back,41,0.0,0.0,back,1
788,2019-02-27,Compound,44,0.0,0.0,compound,1
789,2019-02-28,Rest,0,0.0,0.0,rest,1
790,2019-03-01,Chest,44,0.0,0.0,chest,1
791,2019-03-02,Back,44,0.0,0.0,back,1
792,2019-03-03,Legs,26,0.0,0.0,legs,1
793,2019-03-04,Multisport,41,0.0,0.0,compound,1
794,2019-03-05,Multisport,40,0.0,0.0,compound,1
795,2019-03-06,Back,43,0.0,0.0,back,1
796,2019-03-07,Compound,37,0.0,0.0,compound,1
797,2019-03-08,Chest,40,0.0,0.0,chest,1
798,2019-03-09,Back,42,0.0,0.0,back,1
799,2019-03-10,Compound,41,0.0,0.0,compound,1
800,2019-03-11,Legs,27,0.0,0.0,legs,1
801,2019-03-12,Chest,42,0.0,0.0,chest,1
802,2019-03-13,Back,43,0.0,0.0,back,1
803,2019-03-14,Legs,24,0.0,0.0,legs,1
804,2019-03-15,Compound,44,0.0,0.0,compound,1
805,2019-03-16,Rest,0,0.0,0.0,rest,1
806,2019-03-17,Rest,0,0.0,0.0,rest,1
807,2019-03-18,Chest,44,0.0,0.0,chest,1
808,2019-03-19,Back,38,0.0,0.0,back,1
809,2019-03-20,Chest,43,0.0,0.0,chest,1
810,2019-03-21,Back,42,0.0,0.0,back,1
811,2019-03-22,Compound,39,0.0,0.0,compound,1
812,2019-03-23,Rest,0,0.0,0.0,rest,1
813,2019-03-24,Chest,50,0.0,0.0,chest,1
814,2019-03-25,Back,50,0.0,0.0,back,1
815,2019-03-26,Chest,50,0.0,0.0,chest,1
816,2019-03-27,Back,49,0.0,0.0,back,1
817,2019-03-28,Chest,43,0.0,0.0,chest,1
818,2019-03-29,Back,50,0.0,0.0,back,1
819,2019-03-30,Chest,48,0.0,0.0,chest,1
820,2019-03-31,Basketball,60,0.0,0.0,cardio,1
821,2019-04-01,Back,48,0.0,0.0,back,1
822,2019-04-02,Chest,44,0.0,0.0,chest,1
823,2019-04-03,Back,48,0.0,0.0,back,1
824,2019-04-04,Chest,42,0.0,0.0,chest,1
825,2019-04-05,Back,46,0.0,0.0,back,1
826,2019-04-06,Basketball,120,0.0,0.0,cardio,1
827,2019-04-07,Chest,35,0.0,0.0,chest,1
828,2019-04-08,Back,42,0.0,0.0,back,1
829,2019-04-09,Chest,46,0.0,0.0,chest,1
830,2019-04-10,Back,43,0.0,0.0,back,1
831,2019-04-11,Chest,37,0.0,0.0,chest,1
832,2019-04-12,Back,46,0.0,0.0,back,1
833,2019-04-13,Rest,0,0.0,0.0,rest,1
834,2019-04-14,Rest,0,0.0,0.0,rest,1
835,2019-04-15,Chest,49,0.0,0.0,chest,1
836,2019-04-16,Back,48,0.0,0.0,back,1
837,2019-04-17,Chest,53,0.0,0.0,chest,1
838,2019-04-18,Back,50,0.0,0.0,back,1
839,2019-04-19,Rest,0,0.0,0.0,rest,1
840,2019-04-20,Chest,51,0.0,0.0,chest,1
841,2019-04-21,Back,51,0.0,0.0,back,1
842,2019-04-22,Chest,54,0.0,0.0,chest,1
843,2019-04-23,Back,49,0.0,0.0,back,1
844,2019-04-24,Rest,0,0.0,0.0,rest,1
845,2019-04-25,Chest,43,0.0,0.0,chest,1
846,2019-04-26,Back,43,0.0,0.0,back,1
847,2019-04-27,Chest,44,0.0,0.0,chest,1
848,2019-04-28,Back,38,0.0,0.0,back,1
849,2019-04-29,Chest,46,0.0,0.0,chest,1
850,2019-04-30,Back,39,0.0,0.0,back,1
851,2019-05-01,Rest,0,0.0,0.0,rest,1
852,2019-05-02,Chest,41,0.0,0.0,chest,1
853,2019-05-03,Back,37,0.0,0.0,back,1
854,2019-05-04,Chest,39,0.0,0.0,chest,1
855,2019-05-05,Back,39,0.0,0.0,back,1
856,2019-05-06,Running,32,6.34,5.03,cardio,1
857,2019-05-07,Chest,39,0.0,0.0,chest,1
858,2019-05-08,Rest,0,0.0,0.0,rest,1
859,2019-05-09,Back,41,0.0,0.0,back,1
860,2019-05-10,Chest,43,0.0,0.0,chest,1
861,2019-05-11,Rest,0,0.0,0.0,rest,1
862,2019-05-12,Back,39,0.0,0.0,back,1
863,2019-05-13,Running,40,8.1,4.56,cardio,1
864,2019-05-14,Chest,40,0.0,0.0,chest,1
865,2019-05-15,Back,37,0.0,0.0,back,1
866,2019-05-16,Running,38,7.52,5.03,cardio,1
867,2019-05-17,Chest,44,0.0,0.0,chest,1
868,2019-05-18,Back,39,0.0,0.0,back,1
869,2019-05-19,Running,41,8.19,5.0,cardio,1
870,2019-05-20,Chest,43,0.0,0.0,chest,1
871,2019-05-21,Back,41,0.0,0.0,back,1
872,2019-05-22,Running,41,8.04,5.06,cardio,1
873,2019-05-23,Chest,41,0.0,0.0,chest,1
874,2019-05-24,Back,40,0.0,0.0,back,1
875,2019-05-25,Legs,33,0.0,0.0,legs,1
876,2019-05-26,Chest,41,0.0,0.0,chest,1
877,2019-05-27,Back,40,0.0,0.0,back,1
878,2019-05-28,Chest,39,0.0,0.0,chest,1
879,2019-05-29,Back,41,0.0,0.0,back,1
880,2019-05-30,Running,42,8.1,5.11,cardio,1
881,2019-05-31,Chest,41,0.0,0.0,chest,1
882,2019-06-01,Back,36,0.0,0.0,back,1
883,2019-06-02,Legs,28,0.0,0.0,legs,1
884,2019-06-03,Chest,42,0.0,0.0,chest,1
885,2019-06-04,Back,40,0.0,0.0,back,1
886,2019-06-05,Running,42,8.1,5.11,cardio,1
887,2019-06-06,Chest,40,0.0,0.0,chest,1
888,2019-06-07,Back,42,0.0,0.0,back,1
889,2019-06-08,Legs,29,0.0,0.0,legs,1
890,2019-06-09,Chest,41,0.0,0.0,chest,1
891,2019-06-10,Back,43,0.0,0.0,back,1
892,2019-06-11,Rest,0,0.0,0.0,rest,1
893,2019-06-12,Rest,0,0.0,0.0,rest,1
894,2019-06-13,Surfing,120,0.0,0.0,cardio,1
895,2019-06-14,Surfing,120,0.0,0.0,cardio,1
896,2019-06-15,Surfing,120,0.0,0.0,cardio,1
897,2019-06-16,Surfing,120,0.0,0.0,cardio,1
898,2019-06-17,Surfing,120,0.0,0.0,cardio,1
899,2019-06-18,Rest,0,0.0,0.0,rest,1
900,2019-06-19,Rest,0,0.0,0.0,rest,1
901,2019-06-20,Rest,0,0.0,0.0,rest,1
902,2019-06-21,Rest,0,0.0,0.0,rest,1
903,2019-06-22,Rest,0,0.0,0.0,rest,1
904,2019-06-23,Rest,0,0.0,0.0,rest,1
905,2019-06-24,Rest,0,0.0,0.0,rest,1
906,2019-06-25,Rest,0,0.0,0.0,rest,1
907,2019-06-26,Chest,39,0.0,0.0,chest,1
908,2019-06-27,Back,43,0.0,0.0,back,1
909,2019-06-28,Compound,43,0.0,0.0,compound,1
910,2019-06-29,Rest,0,0.0,0.0,rest,1
911,2019-06-30,Rest,0,0.0,0.0,rest,1
912,2019-07-01,Compound,120,0.0,0.0,compound,1
913,2019-07-02,Chest,41,0.0,0.0,chest,1
914,2019-07-03,Back,40,0.0,0.0,back,1
915,2019-07-04,Chest,43,0.0,0.0,chest,1
916,2019-07-05,Back,42,0.0,0.0,back,1
917,2019-07-06,Running,52,9.66,5.23,cardio,1
918,2019-07-07,Running,55,10.41,5.17,cardio,1
919,2019-07-08,Chest,43,0.0,0.0,chest,1
920,2019-07-09,Back,44,0.0,0.0,back,1
921,2019-07-10,Compound,43,0.0,0.0,compound,1
922,2019-07-11,Chest,42,0.0,0.0,chest,1
923,2019-07-12,Back,46,0.0,0.0,back,1
924,2019-07-13,Compound,44,0.0,0.0,compound,1
925,2019-07-14,Rest,0,0.0,0.0,rest,1
926,2019-07-15,Chest,43,0.0,0.0,chest,1
927,2019-07-16,Back,44,0.0,0.0,back,1
928,2019-07-17,Chest,42,0.0,0.0,chest,1
929,2019-07-18,Back,51,0.0,0.0,back,1
930,2019-07-19,Compound,56,0.0,0.0,compound,1
931,2019-07-20,Rest,0,0.0,0.0,rest,1
932,2019-07-21,Rest,0,0.0,0.0,rest,1
933,2019-07-22,Compound,90,0.0,0.0,compound,1
934,2019-07-23,Chest,36,0.0,0.0,chest,1
935,2019-07-24,Compound,60,0.0,0.0,compound,1
936,2019-07-25,Back,42,0.0,0.0,back,1
937,2019-07-26,Compound,60,0.0,0.0,compound,1
938,2019-07-27,Rest,0,0.0,0.0,rest,1
939,2019-07-28,Running,54,10.52,5.08,cardio,1
940,2019-07-29,Compound,60,0.0,0.0,compound,1
941,2019-07-30,Chest,44,0.0,0.0,chest,1
942,2019-07-31,Compound,60,0.0,0.0,compound,1
943,2019-08-01,Back,43,0.0,0.0,back,1
944,2019-08-02,Compound,39,0.0,0.0,compound,1
945,2019-08-03,Rest,0,0.0,0.0,rest,1
946,2019-08-04,Rest,0,0.0,0.0,rest,1
947,2019-08-05,Chest,40,0.0,0.0,chest,1
948,2019-08-06,Back,43,0.0,0.0,back,1
949,2019-08-07,Chest,42,0.0,0.0,chest,1
950,2019-08-08,Back,41,0.0,0.0,back,1
951,2019-08-09,Compound,43,0.0,0.0,compound,1
952,2019-08-10,Rest,0,0.0,0.0,rest,1
953,2019-08-11,Rest,0,0.0,0.0,rest,1
954,2019-08-12,Compound,45,0.0,0.0,compound,1
955,2019-08-13,Compound,46,0.0,0.0,compound,1
956,2019-08-14,Rest,0,0.0,0.0,rest,1
957,2019-08-15,Rest,0,0.0,0.0,rest,1
958,2019-08-16,Rest,0,0.0,0.0,rest,1
959,2019-08-17,Rest,0,0.0,0.0,rest,1
960,2019-08-18,Rest,0,0.0,0.0,rest,1
961,2019-08-19,Chest,42,0.0,0.0,chest,1
962,2019-08-20,Back,43,0.0,0.0,back,1
963,2019-08-21,Legs,35,0.0,0.0,legs,1
964,2019-08-22,Chest,41,0.0,0.0,chest,1
965,2019-08-23,Back,38,0.0,0.0,back,1
966,2019-08-24,Rest,0,0.0,0.0,rest,1
967,2019-08-25,Running,57,10.53,5.25,cardio,1
968,2019-08-26,Chest,39,0.0,0.0,chest,1
969,2019-08-27,Back,44,0.0,0.0,back,1
970,2019-08-28,Legs,22,0.0,0.0,legs,1
971,2019-08-29,Chest,43,0.0,0.0,chest,1
972,2019-08-30,Back,40,0.0,0.0,back,1
973,2019-08-31,Compound,46,0.0,0.0,compound,1
974,2019-09-01,Rest,0,0.0,0.0,rest,1
975,2019-09-02,Compound,60,0.0,0.0,compound,1
976,2019-09-03,Chest,40,0.0,0.0,chest,1
977,2019-09-04,Compound,60,0.0,0.0,compound,1
978,2019-09-05,Back,41,0.0,0.0,back,1
979,2019-09-06,Compound,60,0.0,0.0,compound,1
980,2019-09-07,Compound,41,0.0,0.0,compound,1
981,2019-09-08,Rest,0,0.0,0.0,rest,1
982,2019-09-09,Compound,50,0.0,0.0,compound,1
983,2019-09-10,Chest,42,0.0,0.0,chest,1
984,2019-09-11,Compound,60,0.0,0.0,compound,1
985,2019-09-12,Back,40,0.0,0.0,back,1
986,2019-09-13,Compound,60,0.0,0.0,compound,1
987,2019-09-14,Compound,45,0.0,0.0,compound,1
988,2019-09-15,Rest,0,0.0,0.0,rest,1
989,2019-09-16,Chest,38,0.0,0.0,chest,1
990,2019-09-17,Back,34,0.0,0.0,back,1
991,2019-09-18,Legs,31,0.0,0.0,legs,1
992,2019-09-19,Chest,42,0.0,0.0,chest,1
993,2019-09-20,Back,39,0.0,0.0,back,1
994,2019-09-21,Compound,37,0.0,0.0,compound,1
995,2019-09-22,Rest,0,0.0,0.0,rest,1
996,2019-09-23,Rest,0,0.0,0.0,rest,1
997,2019-09-24,Compound,43,0.0,0.0,compound,1
998,2019-09-25,Rest,0,0.0,0.0,rest,1
999,2019-09-26,Rest,0,0.0,0.0,rest,1
1000,2019-09-27,Rest,0,0.0,0.0,rest,1
1001,2019-09-28,Rest,0,0.0,0.0,rest,1
1002,2019-09-29,Rest,0,0.0,0.0,rest,1
1003,2019-09-30,Rest,0,0.0,0.0,rest,1
1004,2019-10-01,Chest,40,0.0,0.0,chest,1
1005,2019-10-02,Back,35,0.0,0.0,back,1
1006,2019-10-03,Legs,30,0.0,0.0,legs,1
1007,2019-10-04,Compound,44,0.0,0.0,compound,1
1008,2019-10-05,Rest,0,0.0,0.0,rest,1
1009,2019-10-06,Rest,0,0.0,0.0,rest,1
1010,2019-10-07,Compound,43,0.0,0.0,compound,1
1011,2019-10-08,Chest,41,0.0,0.0,chest,1
1012,2019-10-09,Back,37,0.0,0.0,back,1
1013,2019-10-10,Legs,26,0.0,0.0,legs,1
1014,2019-10-11,Compound,44,0.0,0.0,compound,1
1015,2019-10-12,Rest,0,0.0,0.0,rest,1
1016,2019-10-13,Chest,37,0.0,0.0,chest,1
1017,2019-10-14,Back,35,0.0,0.0,back,1
1018,2019-10-15,Legs,32,0.0,0.0,legs,1
1019,2019-10-16,Chest,38,0.0,0.0,chest,1
1020,2019-10-17,Back,40,0.0,0.0,back,1
1021,2019-10-18,Legs,29,0.0,0.0,legs,1
1022,2019-10-19,Rest,0,0.0,0.0,rest,1
1023,2019-10-20,Rest,0,0.0,0.0,rest,1
1024,2019-10-21,Compound,41,0.0,0.0,compound,1
1025,2019-10-22,Chest,37,0.0,0.0,chest,1
1026,2019-10-23,Back,35,0.0,0.0,back,1
1027,2019-10-24,Legs,27,0.0,0.0,legs,1
1028,2019-10-25,Compound,43,0.0,0.0,compound,1
1029,2019-10-26,Rest,0,0.0,0.0,rest,1
1030,2019-10-27,Rest,0,0.0,0.0,rest,1
1031,2019-10-28,Compound,45,0.0,0.0,compound,1
1032,2019-10-29,Chest,40,0.0,0.0,chest,1
1033,2019-10-30,Back,41,0.0,0.0,back,1
1034,2019-10-31,Compound,41,0.0,0.0,compound,1
1035,2019-11-01,Chest,42,0.0,0.0,chest,1
1036,2019-11-02,Back,41,0.0,0.0,back,1
1037,2019-11-03,Running,37,6.82,5.26,cardio,1
1038,2019-11-04,Chest,45,0.0,0.0,chest,1
1039,2019-11-05,Back,45,0.0,0.0,back,1
1040,2019-11-06,Running,43,8.06,5.2,cardio,1
1041,2019-11-07,Chest,43,0.0,0.0,chest,1
1042,2019-11-08,Back,45,0.0,0.0,back,1
1043,2019-11-09,Rest,0,0.0,0.0,rest,1
1044,2019-11-10,Rest,0,0.0,0.0,rest,1
1045,2019-11-11,Chest,46,0.0,0.0,chest,1
1046,2019-11-12,Back,44,0.0,0.0,back,1
1047,2019-11-13,Running,41,7.93,5.1,cardio,1
1048,2019-11-14,Chest,47,0.0,0.0,chest,1
1049,2019-11-15,Back,48,0.0,0.0,back,1
1050,2019-11-16,Compound,49,0.0,0.0,compound,1
1051,2019-11-17,Rest,0,0.0,0.0,rest,1
1052,2019-11-18,Chest,44,0.0,0.0,chest,1
1053,2019-11-19,Back,45,0.0,0.0,back,1
1054,2019-11-20,Rest,0,0.0,0.0,rest,1
1055,2019-11-21,Chest,42,0.0,0.0,chest,1
1056,2019-11-22,Back,46,0.0,0.0,back,1
1057,2019-11-23,Rest,0,0.0,0.0,rest,1
1058,2019-11-24,Rest,0,0.0,0.0,rest,1
1059,2019-11-25,Chest,45,0.0,0.0,chest,1
1060,2019-11-26,Back,45,0.0,0.0,back,1
1061,2019-11-27,Compound,45,0.0,0.0,compound,1
1062,2019-11-28,Chest,44,0.0,0.0,chest,1
1063,2019-11-29,Back,45,0.0,0.0,back,1
1064,2019-11-30,Compound,46,0.0,0.0,compound,1
1065,2019-12-01,Rest,0,0.0,0.0,rest,1
1066,2019-12-02,Chest,43,0.0,0.0,chest,1
1067,2019-12-03,Back,43,0.0,0.0,back,1
1068,2019-12-04,Chest,46,0.0,0.0,chest,1
1069,2019-12-05,Back,42,0.0,0.0,back,1
1070,2019-12-06,Compound,41,0.0,0.0,compound,1
1071,2019-12-07,Rest,0,0.0,0.0,rest,1
1072,2019-12-08,Rest,0,0.0,0.0,rest,1
1073,2019-12-09,Compound,46,0.0,0.0,compound,1
1074,2019-12-10,Rest,0,0.0,0.0,rest,1
1075,2019-12-11,Compound,41,0.0,0.0,compound,1
1076,2019-12-12,Rest,0,0.0,0.0,rest,1
1077,2019-12-13,Compound,48,0.0,0.0,compound,1
1078,2019-12-14,Rest,0,0.0,0.0,rest,1
1079,2019-12-15,Compound,45,0.0,0.0,compound,1
1080,2019-12-16,Rest,0,0.0,0.0,rest,1
1081,2019-12-17,Compound,45,0.0,0.0,compound,1
1082,2019-12-18,Rest,0,0.0,0.0,rest,1
1083,2019-12-19,Rest,0,0.0,0.0,rest,1
1084,2019-12-20,Compound,45,0.0,0.0,compound,1
1085,2019-12-21,Rest,0,0.0,0.0,rest,1
1086,2019-12-22,Compound,40,0.0,0.0,compound,1
1087,2019-12-23,Rest,0,0.0,0.0,rest,1
1088,2019-12-24,Compound,43,0.0,0.0,compound,1
1089,2019-12-25,Rest,0,0.0,0.0,rest,1
1090,2019-12-26,Rest,0,0.0,0.0,rest,1
1091,2019-12-27,Compound,40,0.0,0.0,compound,1
1092,2019-12-28,Rest,0,0.0,0.0,rest,1
1093,2019-12-29,Rest,0,0.0,0.0,rest,1
1094,2019-12-30,Rest,0,0.0,0.0,rest,1
1095,2019-12-31,Rest,0,0.0,0.0,rest,1
1096,2020-01-01,Rest,0,0.0,0.0,rest,1
1097,2020-01-02,Rest,0,0.0,0.0,rest,1
1098,2020-01-03,Rest,0,0.0,0.0,rest,1
1099,2020-01-04,Rest,0,0.0,0.0,rest,1
1100,2020-01-05,Rest,0,0.0,0.0,rest,1
1101,2020-01-06,Rest,0,0.0,0.0,rest,1
1102,2020-01-07,Rest,0,0.0,0.0,rest,1
1103,2020-01-08,Rest,0,0.0,0.0,rest,1
1104,2020-01-09,Rest,0,0.0,0.0,rest,1
1105,2020-01-10,Chest,35,0.0,0.0,chest,1
1106,2020-01-11,Back,36,0.0,0.0,back,1
1107,2020-01-12,Legs,26,0.0,0.0,legs,1
1108,2020-01-13,Chest,37,0.0,0.0,chest,1
1109,2020-01-14,Back,34,0.0,0.0,back,1
1110,2020-01-15,Legs,29,0.0,0.0,legs,1
1111,2020-01-16,Chest,38,0.0,0.0,chest,1
1112,2020-01-17,Back,37,0.0,0.0,back,1
1113,2020-01-18,Legs,27,0.0,0.0,legs,1
1114,2020-01-19,Rest,0,0.0,0.0,rest,1
1115,2020-01-20,Chest,35,0.0,0.0,chest,1
1116,2020-01-21,Back,37,0.0,0.0,back,1
1117,2020-01-22,Legs,27,0.0,0.0,legs,1
1118,2020-01-23,Chest,36,0.0,0.0,chest,1
1119,2020-01-24,Back,39,0.0,0.0,back,1
1120,2020-01-25,Rest,0,0.0,0.0,rest,1
1121,2020-01-26,Rest,0,0.0,0.0,rest,1
1122,2020-01-27,Chest,37,0.0,0.0,chest,1
1123,2020-01-28,Back,34,0.0,0.0,back,1
1124,2020-01-29,Legs,29,0.0,0.0,legs,1
1125,2020-01-30,Chest,33,0.0,0.0,chest,1
1126,2020-01-31,Back,37,0.0,0.0,back,1
1127,2020-02-01,Legs,28,0.0,0.0,legs,1
1128,2020-02-02,Rest,0,0.0,0.0,rest,1
1129,2020-02-03,Chest,36,0.0,0.0,chest,1
1130,2020-02-04,Back,33,0.0,0.0,back,1
1131,2020-02-05,Legs,28,0.0,0.0,legs,1
1132,2020-02-06,Chest,35,0.0,0.0,chest,1
1133,2020-02-07,Back,33,0.0,0.0,back,1
1134,2020-02-08,Running,41,7.53,5.27,cardio,1
1135,2020-02-09,Running,40,7.41,5.24,cardio,1
1136,2020-02-10,Chest,34,0.0,0.0,chest,1
1137,2020-02-11,Back,31,0.0,0.0,back,1
1138,2020-02-12,Rest,0,0.0,0.0,rest,1
1139,2020-02-13,Rest,0,0.0,0.0,rest,1
1140,2020-02-14,Rest,0,0.0,0.0,rest,1
1141,2020-02-15,Rest,0,0.0,0.0,rest,1
1142,2020-02-16,Rest,0,0.0,0.0,rest,1
1143,2020-02-17,Rest,0,0.0,0.0,rest,1
1144,2020-02-18,Rest,0,0.0,0.0,rest,1
1145,2020-02-19,Rest,0,0.0,0.0,rest,1
1146,2020-02-20,Rest,0,0.0,0.0,rest,1
1147,2020-02-21,Chest,39,0.0,0.0,chest,1
1148,2020-02-22,Back,39,0.0,0.0,back,1
1149,2020-02-23,Rest,0,0.0,0.0,rest,1
1150,2020-02-24,Chest,35,0.0,0.0,chest,1
1151,2020-02-25,Back,35,0.0,0.0,back,1
1152,2020-02-26,Legs,24,0.0,0.0,legs,1
1153,2020-02-27,Chest,36,0.0,0.0,chest,1
1154,2020-02-28,Back,35,0.0,0.0,back,1
1155,2020-02-29,Rest,0,0.0,0.0,rest,1
1156,2020-03-01,Rest,0,0.0,0.0,rest,1
1157,2020-03-02,Chest,28,0.0,0.0,chest,1
1158,2020-03-03,Back,37,0.0,0.0,back,1
1159,2020-03-04,Legs,29,0.0,0.0,legs,1
1160,2020-03-05,Chest,32,0.0,0.0,chest,1
1161,2020-03-06,Back,38,0.0,0.0,back,1
1162,2020-03-07,Running,40,7.38,5.25,cardio,1
1163,2020-03-08,Rest,0,0.0,0.0,rest,1
1164,2020-03-09,Chest,35,0.0,0.0,chest,1
1165,2020-03-10,Back,33,0.0,0.0,back,1
1166,2020-03-11,Rest,0,0.0,0.0,rest,1
1167,2020-03-12,Rest,0,0.0,0.0,rest,1
1168,2020-03-13,Running,36,6.5,5.32,cardio,1
1169,2020-03-14,Rest,0,0.0,0.0,rest,1
1170,2020-03-15,Rest,0,0.0,0.0,rest,1
1171,2020-03-16,Rest,0,0.0,0.0,rest,1
1172,2020-03-17,Rest,0,0.0,0.0,rest,1
1173,2020-03-18,Multisport,45,0.0,0.0,compound,1
1174,2020-03-19,Rest,0,0.0,0.0,rest,1
1175,2020-03-20,Rest,0,0.0,0.0,rest,1
1176,2020-03-21,Running,42,8.56,4.54,cardio,1
1177,2020-03-22,Multisport,39,0.0,0.0,compound,1
1178,2020-03-23,Multisport,40,0.0,0.0,compound,1
1179,2020-03-24,Rest,0,0.0,0.0,rest,1
1180,2020-03-25,Running,46,9.27,4.58,cardio,1
1181,2020-03-26,Multisport,40,0.0,0.0,compound,1
1182,2020-03-27,Running,54,10.3,5.15,cardio,1
1183,2020-03-28,Rest,0,0.0,0.0,rest,1
1184,2020-03-29,Multisport,43,0.0,0.0,compound,1
1185,2020-03-30,Rest,0,0.0,0.0,rest,1
1186,2020-03-31,Multisport,39,0.0,0.0,compound,1
1187,2020-04-01,Rest,0,0.0,0.0,rest,1
1188,2020-04-02,Multisport,42,0.0,0.0,compound,1
1189,2020-04-03,Multisport,40,0.0,0.0,compound,1
1190,2020-04-04,Multisport,42,0.0,0.0,compound,1
1191,2020-04-05,Multisport,42,0.0,0.0,compound,1
1192,2020-04-06,Cycling,52,0.0,0.0,cardio,1
1193,2020-04-07,Multisport,43,0.0,0.0,compound,1
1194,2020-04-08,Chest,35,0.0,0.0,chest,1
1195,2020-04-09,Back,45,0.0,0.0,back,1
1196,2020-04-10,Cycling,52,0.0,0.0,cardio,1
1197,2020-04-11,Chest,44,0.0,0.0,chest,1
1198,2020-04-12,Back,39,0.0,0.0,back,1
1199,2020-04-13,Running,53,10.5,5.03,cardio,1
1200,2020-04-14,Running,22,5.13,4.17,cardio,1
1201,2020-04-15,Chest,43,0.0,0.0,chest,1
1202,2020-04-16,Back,41,0.0,0.0,back,1
1203,2020-04-17,Chest,42,0.0,0.0,chest,1
1204,2020-04-18,Back,40,0.0,0.0,back,1
1205,2020-04-19,Rest,0,0.0,0.0,rest,1
1206,2020-04-20,Chest,43,0.0,0.0,chest,1
1207,2020-04-21,Back,41,0.0,0.0,back,1
1208,2020-04-22,Running,48,10.08,4.46,cardio,1
1209,2020-04-23,Chest,46,0.0,0.0,chest,1
1210,2020-04-24,Back,44,0.0,0.0,back,1
1211,2020-04-25,Running,60,12.58,4.46,cardio,1
